user,user_id
Dorian,84848
Diann,8484
Arlena,7474
Trang,55
Julienne,84374
Joye,94949
Keren,944
Marcelo,663
Aurora,909
Rochel,555
Novella,445
Trinh,1253
Rowena,12121
Valentin,1212
Illa,111
Mitchell,121
Matt,93831
Tami,9393
Rudy,45848
Rico,9484
Dorcas,8484
Phebe,34342
Phillip,3434
Maia,45454
Velvet,46646
Rodger,5757
Kristy,64664
Princess,424
Lee,444
Georgianne,234
Shana,888
Fran,3435
Lynette,735
Tenesha,67364
Reanna,7443
Lisha,6744
Leland,3543
Chassidy,32
Argentina,332
Ricky,3433
Joy,3434
Agnus,232
Chloe,444
Cristin,666
Shantay,677
Racheal,566
Ilda,354
Merle,454
Domonique,6566
Dillon,434
